Date,Shift,ShiftID,SupervisorID,MachineID,Operator Name,ProductName,TargetOutput,ActualOutput,DefectsUnits,DowntimeMinutes,ReasonForDowntime,OperatorRemarks,Hour
20-04-2025,Night,S2,SUP1002,MC105,Operator Name,Clutch Plate,60,55,3,2,Tool Replacement,Operator changed,1
21-04-2025,Night,S1,SUP1005,MC105,Operator Name,Brake Disc,70,69,1,10,Power Outage,Smooth operation,4
21-04-2025,Night,S2,SUP1005,MC105,Operator Name,Steering Arm,60,57,3,2,Maintenance,Calibration needed,1
22-04-2025,Afternoon,S4,SUP1005,MC104,Operator Name,Clutch Plate,70,69,2,2,Tool Replacement,Operator changed,3
21-04-2025,Afternoon,S1,SUP1003,MC103,Operator Name,Piston Rod,70,66,0,2,Tool Replacement,Restarted once,7
21-04-2025,Night,S2,SUP1002,MC103,Operator Name,Gear Shaft,60,59,3,10,Tool Replacement,Restarted once,2
20-04-2025,Night,S4,SUP1002,MC101,Operator Name,Clutch Plate,70,65,0,0,-,-,6
20-04-2025,Morning,S2,SUP1001,MC102,Operator Name,Clutch Plate,70,69,0,0,-,Calibration needed,2
21-04-2025,Afternoon,S2,SUP1004,MC103,Operator Name,Gear Shaft,60,57,3,2,Tool Replacement,Smooth operation,7
20-04-2025,Night,S2,SUP1005,MC102,Operator Name,Steering Arm,60,59,0,0,-,Smooth operation,4
20-04-2025,Night,S3,SUP1003,MC103,Operator Name,Brake Disc,70,70,0,7,Tool Replacement,,7
21-04-2025,Morning,S2,SUP1003,MC104,Operator Name,Piston Rod,60,58,2,2,Material Delay,,3
20-04-2025,Morning,S2,SUP1003,MC105,Operator Name,Piston Rod,50,49,1,10,Material Delay,-,7
20-04-2025,Afternoon,S5,SUP1001,MC102,Operator Name,Piston Rod,50,48,1,5,Sensor Error,Restarted once,4
22-04-2025,Morning,S4,SUP1001,MC103,Operator Name,Steering Arm,60,57,3,10,-,Calibration needed,1
21-04-2025,Morning,S4,SUP1005,MC102,Operator Name,Brake Disc,70,70,3,7,Sensor Error,-,8
20-04-2025,Morning,S3,SUP1005,MC103,Operator Name,Gear Shaft,70,69,2,2,Sensor Error,,4
22-04-2025,Morning,S2,SUP1001,MC105,Operator Name,Brake Disc,50,46,0,7,-,Calibration needed,4
22-04-2025,Morning,S4,SUP1003,MC105,Operator Name,Brake Disc,50,45,3,7,-,,7
20-04-2025,Afternoon,S5,SUP1004,MC102,Operator Name,Piston Rod,70,70,2,0,-,-,1
21-04-2025,Morning,S4,SUP1001,MC102,Operator Name,Steering Arm,60,57,2,0,-,,4
20-04-2025,Morning,S3,SUP1001,MC104,Operator Name,Gear Shaft,70,66,3,10,Sensor Error,Smooth operation,7
22-04-2025,Night,S3,SUP1003,MC102,Operator Name,Brake Disc,60,58,1,5,Maintenance,Operator changed,3
20-04-2025,Morning,S3,SUP1005,MC104,Operator Name,Piston Rod,70,69,0,2,Maintenance,Operator changed,8
20-04-2025,Night,S3,SUP1004,MC101,Operator Name,Brake Disc,70,69,1,5,Sensor Error,Calibration needed,2
21-04-2025,Afternoon,S2,SUP1004,MC105,Operator Name,Steering Arm,60,57,2,5,-,Calibration needed,5
22-04-2025,Night,S4,SUP1003,MC105,Operator Name,Steering Arm,60,57,1,10,Maintenance,Restarted once,4
20-04-2025,Night,S4,SUP1004,MC105,Operator Name,Steering Arm,50,47,0,10,Material Delay,,5
21-04-2025,Morning,S2,SUP1003,MC101,Operator Name,Clutch Plate,70,68,3,10,Maintenance,Smooth operation,7
20-04-2025,Night,S2,SUP1004,MC102,Operator Name,Clutch Plate,60,60,2,5,Tool Replacement,Restarted once,8
22-04-2025,Afternoon,S5,SUP1002,MC104,Operator Name,Gear Shaft,70,69,2,5,Material Delay,Restarted once,1
22-04-2025,Afternoon,S2,SUP1002,MC104,Operator Name,Clutch Plate,50,48,2,7,Power Outage,-,1
21-04-2025,Night,S2,SUP1002,MC101,Operator Name,Steering Arm,50,50,0,0,-,Operator changed,3
22-04-2025,Morning,S5,SUP1004,MC105,Operator Name,Piston Rod,50,46,2,10,Tool Replacement,Operator changed,6
21-04-2025,Morning,S3,SUP1001,MC101,Operator Name,Gear Shaft,60,60,0,0,-,,5
20-04-2025,Night,S2,SUP1002,MC105,Operator Name,Piston Rod,60,56,3,7,Power Outage,-,4
22-04-2025,Morning,S3,SUP1001,MC105,Operator Name,Clutch Plate,70,65,2,5,Material Delay,Smooth operation,2
21-04-2025,Morning,S5,SUP1003,MC103,Operator Name,Steering Arm,60,55,2,0,-,,4
21-04-2025,Afternoon,S5,SUP1001,MC105,Operator Name,Clutch Plate,60,57,2,7,Tool Replacement,-,3
21-04-2025,Night,S4,SUP1005,MC104,Operator Name,Brake Disc,70,67,1,7,Material Delay,-,8
21-04-2025,Night,S5,SUP1004,MC102,Operator Name,Steering Arm,60,56,2,7,Power Outage,Restarted once,1
22-04-2025,Night,S5,SUP1001,MC104,Operator Name,Gear Shaft,60,60,1,10,Maintenance,Restarted once,5
22-04-2025,Night,S2,SUP1004,MC105,Operator Name,Clutch Plate,70,68,0,2,Material Delay,-,3
21-04-2025,Morning,S1,SUP1005,MC102,Operator Name,Piston Rod,50,46,0,2,Material Delay,Calibration needed,6
21-04-2025,Night,S1,SUP1005,MC101,Operator Name,Piston Rod,50,49,1,5,Tool Replacement,,1
21-04-2025,Morning,S4,SUP1002,MC103,Operator Name,Clutch Plate,70,67,2,5,Sensor Error,Calibration needed,8
21-04-2025,Morning,S3,SUP1001,MC103,Operator Name,Steering Arm,70,65,1,5,-,Operator changed,2
21-04-2025,Night,S4,SUP1005,MC105,Operator Name,Clutch Plate,50,49,3,7,Power Outage,Smooth operation,3
21-04-2025,Morning,S4,SUP1003,MC104,Operator Name,Clutch Plate,50,45,0,2,Maintenance,-,8
21-04-2025,Afternoon,S5,SUP1004,MC103,Operator Name,Piston Rod,50,47,1,10,Tool Replacement,Calibration needed,7
22-04-2025,Morning,S4,SUP1001,MC103,Operator Name,Gear Shaft,50,50,2,10,Tool Replacement,Calibration needed,6
22-04-2025,Night,S1,SUP1002,MC105,Operator Name,Gear Shaft,50,47,0,10,Material Delay,Restarted once,2
20-04-2025,Afternoon,S5,SUP1003,MC103,Operator Name,Brake Disc,70,66,1,10,-,Calibration needed,6
22-04-2025,Night,S5,SUP1003,MC105,Operator Name,Piston Rod,70,67,3,2,Material Delay,Operator changed,3
21-04-2025,Morning,S5,SUP1005,MC101,Operator Name,Piston Rod,70,65,2,2,Material Delay,Smooth operation,7
20-04-2025,Night,S4,SUP1005,MC105,Operator Name,Steering Arm,60,60,3,7,Sensor Error,Restarted once,7
20-04-2025,Afternoon,S1,SUP1002,MC102,Operator Name,Gear Shaft,60,59,1,5,Sensor Error,Operator changed,4
20-04-2025,Afternoon,S4,SUP1001,MC102,Operator Name,Piston Rod,60,58,1,5,Material Delay,-,5
22-04-2025,Morning,S1,SUP1004,MC101,Operator Name,Steering Arm,70,67,2,7,Tool Replacement,Restarted once,8
21-04-2025,Night,S1,SUP1005,MC101,Operator Name,Steering Arm,50,49,3,0,-,-,7
21-04-2025,Morning,S2,SUP1005,MC105,Operator Name,Piston Rod,70,68,1,7,-,Operator changed,6
21-04-2025,Afternoon,S5,SUP1003,MC104,Operator Name,Steering Arm,50,48,0,7,Maintenance,Restarted once,8
22-04-2025,Morning,S5,SUP1003,MC105,Operator Name,Piston Rod,60,56,0,10,Tool Replacement,Smooth operation,2
22-04-2025,Afternoon,S5,SUP1005,MC105,Operator Name,Gear Shaft,60,59,2,2,Sensor Error,Smooth operation,5
20-04-2025,Morning,S5,SUP1002,MC104,Operator Name,Steering Arm,50,49,0,2,Material Delay,-,1
22-04-2025,Night,S4,SUP1005,MC102,Operator Name,Brake Disc,50,49,3,10,Power Outage,Operator changed,4
22-04-2025,Night,S3,SUP1003,MC102,Operator Name,Gear Shaft,50,50,2,2,Sensor Error,-,6
21-04-2025,Afternoon,S4,SUP1005,MC105,Operator Name,Brake Disc,60,60,0,10,Material Delay,,5
20-04-2025,Afternoon,S2,SUP1001,MC101,Operator Name,Gear Shaft,60,58,2,5,Sensor Error,-,5
21-04-2025,Morning,S3,SUP1004,MC103,Operator Name,Gear Shaft,70,70,1,10,Tool Replacement,Operator changed,2
21-04-2025,Afternoon,S5,SUP1003,MC102,Operator Name,Steering Arm,60,57,2,10,-,,3
20-04-2025,Morning,S2,SUP1005,MC105,Operator Name,Gear Shaft,70,68,1,7,Tool Replacement,-,8
22-04-2025,Afternoon,S3,SUP1004,MC104,Operator Name,Steering Arm,70,67,1,5,Material Delay,Smooth operation,2
22-04-2025,Afternoon,S1,SUP1003,MC103,Operator Name,Gear Shaft,50,45,3,7,Power Outage,Restarted once,4
20-04-2025,Morning,S5,SUP1004,MC102,Operator Name,Brake Disc,50,49,2,0,-,Operator changed,2
22-04-2025,Morning,S2,SUP1001,MC101,Operator Name,Clutch Plate,70,68,3,10,-,Smooth operation,2
20-04-2025,Night,S5,SUP1005,MC105,Operator Name,Piston Rod,50,47,3,2,Tool Replacement,Restarted once,3
21-04-2025,Night,S4,SUP1004,MC104,Operator Name,Clutch Plate,70,68,2,5,Material Delay,Smooth operation,7
21-04-2025,Night,S4,SUP1004,MC101,Operator Name,Piston Rod,60,60,3,7,Maintenance,Calibration needed,7
20-04-2025,Night,S4,SUP1001,MC101,Operator Name,Gear Shaft,70,68,1,0,-,Operator changed,8
20-04-2025,Night,S5,SUP1001,MC105,Operator Name,Piston Rod,70,70,2,5,Maintenance,Operator changed,8
20-04-2025,Night,S4,SUP1002,MC105,Operator Name,Steering Arm,70,69,2,10,Tool Replacement,-,4
21-04-2025,Morning,S1,SUP1002,MC104,Operator Name,Clutch Plate,60,55,0,0,-,,2
20-04-2025,Afternoon,S2,SUP1004,MC102,Operator Name,Gear Shaft,70,66,2,7,Power Outage,Calibration needed,2
20-04-2025,Afternoon,S2,SUP1004,MC103,Operator Name,Brake Disc,50,50,1,2,Sensor Error,-,2
22-04-2025,Night,S5,SUP1001,MC104,Operator Name,Steering Arm,60,56,1,7,Power Outage,Restarted once,6
22-04-2025,Morning,S3,SUP1002,MC104,Operator Name,Piston Rod,70,70,2,10,Power Outage,,6
20-04-2025,Morning,S5,SUP1003,MC102,Operator Name,Steering Arm,50,50,0,10,Tool Replacement,Calibration needed,1
22-04-2025,Afternoon,S1,SUP1002,MC104,Operator Name,Steering Arm,60,55,0,7,Tool Replacement,-,3
22-04-2025,Morning,S4,SUP1002,MC101,Operator Name,Brake Disc,60,57,2,0,-,Operator changed,4
21-04-2025,Morning,S2,SUP1005,MC103,Operator Name,Piston Rod,70,65,2,0,-,Calibration needed,7
22-04-2025,Morning,S1,SUP1003,MC105,Operator Name,Clutch Plate,50,46,3,5,Maintenance,,6
21-04-2025,Afternoon,S3,SUP1004,MC104,Operator Name,Brake Disc,50,45,1,2,Tool Replacement,,2
20-04-2025,Morning,S4,SUP1005,MC101,Operator Name,Brake Disc,50,45,2,0,-,Restarted once,5
20-04-2025,Afternoon,S2,SUP1004,MC105,Operator Name,Brake Disc,50,48,0,10,Sensor Error,,2
20-04-2025,Morning,S4,SUP1003,MC101,Operator Name,Brake Disc,70,69,0,2,Sensor Error,Operator changed,1
20-04-2025,Morning,S1,SUP1005,MC103,Operator Name,Steering Arm,60,56,2,7,Sensor Error,Restarted once,5
22-04-2025,Afternoon,S2,SUP1002,MC103,Operator Name,Piston Rod,70,70,0,7,Maintenance,Operator changed,7
20-04-2025,Morning,S2,SUP1005,MC102,Operator Name,Steering Arm,70,70,0,5,Tool Replacement,Smooth operation,5
22-04-2025,Morning,S4,SUP1002,MC105,Operator Name,Gear Shaft,60,59,0,10,-,Calibration needed,6
